"DESCRIPTION","DURATION IN MS","NAME","PARENT SUITE","START TIME","STATUS","STOP TIME","SUB SUITE","SUITE","TEST CLASS","TEST METHOD"
"","2455","The Authorization header is missing","","Tue Aug 26 08:06:57 GMT 2025","passed","Tue Aug 26 08:07:00 GMT 2025","","org.eclipse.tractusx.edc.dataplane.tokenrefresh.e2e.DataPlaneTokenRefreshEndToEndTest","org.eclipse.tractusx.edc.dataplane.tokenrefresh.e2e.DataPlaneTokenRefreshEndToEndTest","refresh_missingAuthHeader"
"","3110","transferData_success_withProxyOriginalResponse()","","Tue Aug 26 08:09:19 GMT 2025","passed","Tue Aug 26 08:09:22 GMT 2025","","org.eclipse.tractusx.edc.tests.transfer.TransferPullEndToEndTest.Dsp2025to2025","org.eclipse.tractusx.edc.tests.transfer.TransferPullEndToEndTest$Dsp2025to2025","transferData_success_withProxyOriginalResponse"
"","4023","transferData_privateBackend_withConsumerDataPlane()","","Tue Aug 26 08:09:57 GMT 2025","passed","Tue Aug 26 08:10:01 GMT 2025","","org.eclipse.tractusx.edc.tests.transfer.TransferPullEndToEndTest.Dsp08to08","org.eclipse.tractusx.edc.tests.transfer.TransferPullEndToEndTest$Dsp08to08","transferData_privateBackend_withConsumerDataPlane"
"","2981","transferData_privateBackend_withConsumerDataPlane()","","Tue Aug 26 08:09:23 GMT 2025","passed","Tue Aug 26 08:09:26 GMT 2025","","org.eclipse.tractusx.edc.tests.transfer.StsConsumerPullTest","org.eclipse.tractusx.edc.tests.transfer.StsConsumerPullTest","transferData_privateBackend_withConsumerDataPlane"
"","3968","transferData_successful_notReturnOriginalSourceResponseCode_withTerminate()","","Tue Aug 26 08:09:28 GMT 2025","passed","Tue Aug 26 08:09:32 GMT 2025","","org.eclipse.tractusx.edc.tests.transfer.TransferPullEndToEndTest.Dsp2025to2025","org.eclipse.tractusx.edc.tests.transfer.TransferPullEndToEndTest$Dsp2025to2025","transferData_successful_notReturnOriginalSourceResponseCode_withTerminate"
"","1036","shouldFail_whenDestinationBucketDoesNotExist()","","Tue Aug 26 08:08:24 GMT 2025","passed","Tue Aug 26 08:08:25 GMT 2025","","org.eclipse.tractusx.edc.dataplane.transfer.test.S3ToS3Test","org.eclipse.tractusx.edc.dataplane.transfer.test.S3ToS3Test","shouldFail_whenDestinationBucketDoesNotExist"
"","1636","shouldDelegateAuth()","","Tue Aug 26 08:08:26 GMT 2025","passed","Tue Aug 26 08:08:28 GMT 2025","","org.eclipse.tractusx.edc.tests.auth.DelegatedAuthEndToEndTest","org.eclipse.tractusx.edc.tests.auth.DelegatedAuthEndToEndTest","shouldDelegateAuth"
"","313","Consumer gets catalog from the provider. No constraints.","","Tue Aug 26 08:07:29 GMT 2025","passed","Tue Aug 26 08:07:30 GMT 2025","","org.eclipse.tractusx.edc.tests.catalog.CatalogTest","org.eclipse.tractusx.edc.tests.catalog.CatalogTest","requestCatalog_fulfillsPolicy_shouldReturnOffer"
"","14295","transferData_withTerminate()","","Tue Aug 26 08:09:02 GMT 2025","passed","Tue Aug 26 08:09:16 GMT 2025","","org.eclipse.tractusx.edc.tests.transfer.TransferPullEndToEndTest.Dsp2025to2025","org.eclipse.tractusx.edc.tests.transfer.TransferPullEndToEndTest$Dsp2025to2025","transferData_withTerminate"
"","11122","azureBlobPush_withoutDestFolder()","","Tue Aug 26 08:08:12 GMT 2025","passed","Tue Aug 26 08:08:23 GMT 2025","","org.eclipse.tractusx.edc.tests.transfer.AzureToAzureEndToEndTest","org.eclipse.tractusx.edc.tests.transfer.AzureToAzureEndToEndTest","azureBlobPush_withoutDestFolder"
"","6045","transferData_success_withProxyOriginalResponse_withoutSourceResponseBody()","","Tue Aug 26 08:08:46 GMT 2025","passed","Tue Aug 26 08:08:52 GMT 2025","","org.eclipse.tractusx.edc.tests.transfer.TransferPullEndToEndTest.Dsp2025to2025","org.eclipse.tractusx.edc.tests.transfer.TransferPullEndToEndTest$Dsp2025to2025","transferData_success_withProxyOriginalResponse_withoutSourceResponseBody"
"","65","Policy is accepted Data Frequency","","Tue Aug 26 08:07:18 GMT 2025","passed","Tue Aug 26 08:07:18 GMT 2025","","org.eclipse.tractusx.edc.tests.policy.PolicyDefinitionEndToEndTest","org.eclipse.tractusx.edc.tests.policy.PolicyDefinitionEndToEndTest","shouldAcceptValidPolicyDefinitions"
"","4923","transferData_privateBackend()","","Tue Aug 26 08:09:18 GMT 2025","passed","Tue Aug 26 08:09:23 GMT 2025","","org.eclipse.tractusx.edc.tests.transfer.StsConsumerPullTest","org.eclipse.tractusx.edc.tests.transfer.StsConsumerPullTest","transferData_privateBackend"
"","18","Verifier should reject an auth token without the Bearer prefix","","Tue Aug 26 08:07:46 GMT 2025","passed","Tue Aug 26 08:07:46 GMT 2025","","org.eclipse.dataspacetck.dcp.verification.presentation.verifier.PresentationFlowSection4Test","org.eclipse.dataspacetck.dcp.verification.presentation.verifier.PresentationFlowSection4Test","presentationResponse_rejectMissingBearerPrefix"
"","128","BusinessPartnerDeleted event is published","","Tue Aug 26 08:06:59 GMT 2025","passed","Tue Aug 26 08:06:59 GMT 2025","","org.eclipse.tractusx.edc.tests.bpn.events.BusinessPartnerEventTest","org.eclipse.tractusx.edc.tests.bpn.events.BusinessPartnerEventTest","shouldPublishBusinessPartnerDeletedEvent"
"","53","Policy is accepted Data Usage End Duration Days","","Tue Aug 26 08:07:18 GMT 2025","passed","Tue Aug 26 08:07:18 GMT 2025","","org.eclipse.tractusx.edc.tests.policy.PolicyDefinitionEndToEndTest","org.eclipse.tractusx.edc.tests.policy.PolicyDefinitionEndToEndTest","shouldAcceptValidPolicyDefinitions"
"","69","Policy is accepted Affiliates Region","","Tue Aug 26 08:07:17 GMT 2025","passed","Tue Aug 26 08:07:18 GMT 2025","","org.eclipse.tractusx.edc.tests.policy.PolicyDefinitionEndToEndTest","org.eclipse.tractusx.edc.tests.policy.PolicyDefinitionEndToEndTest","shouldAcceptValidPolicyDefinitions"
"","28","Policy is accepted Managed Legal Entity BPNL","","Tue Aug 26 08:07:20 GMT 2025","passed","Tue Aug 26 08:07:20 GMT 2025","","org.eclipse.tractusx.edc.tests.policy.PolicyDefinitionEndToEndTest","org.eclipse.tractusx.edc.tests.policy.PolicyDefinitionEndToEndTest","shouldNotAcceptInvalidNamespacePolicyDefinitions"
"","180","Verify HTTP 200 response and body when refreshing succeeds","","Tue Aug 26 08:08:03 GMT 2025","passed","Tue Aug 26 08:08:03 GMT 2025","","org.eclipse.tractusx.edc.tests.edrv2.EdrCacheApiEndToEndTest","org.eclipse.tractusx.edc.tests.edrv2.EdrCacheApiEndToEndTest","getEdrWithRefresh_success"
"","40","Policy is accepted Version Changes","","Tue Aug 26 08:07:18 GMT 2025","passed","Tue Aug 26 08:07:18 GMT 2025","","org.eclipse.tractusx.edc.tests.policy.PolicyDefinitionEndToEndTest","org.eclipse.tractusx.edc.tests.policy.PolicyDefinitionEndToEndTest","shouldAcceptValidPolicyDefinitions"
"","50","Policy is accepted Warranty Duration Months","","Tue Aug 26 08:07:19 GMT 2025","passed","Tue Aug 26 08:07:19 GMT 2025","","org.eclipse.tractusx.edc.tests.policy.PolicyDefinitionEndToEndTest","org.eclipse.tractusx.edc.tests.policy.PolicyDefinitionEndToEndTest","shouldAcceptValidPolicyDefinitions"
"","50","5.4.3.6 Verifier should reject a credential that is not yet valid","","Tue Aug 26 08:07:47 GMT 2025","passed","Tue Aug 26 08:07:47 GMT 2025","","org.eclipse.dataspacetck.dcp.verification.presentation.verifier.PresentationFlowSection5Test","org.eclipse.dataspacetck.dcp.verification.presentation.verifier.PresentationFlowSection5Test","verifier_05_04_03_06_presentationResponse_notYetValidCredential"
"","49","Policy is accepted Data Usage End Date","","Tue Aug 26 08:07:18 GMT 2025","passed","Tue Aug 26 08:07:18 GMT 2025","","org.eclipse.tractusx.edc.tests.policy.PolicyDefinitionEndToEndTest","org.eclipse.tractusx.edc.tests.policy.PolicyDefinitionEndToEndTest","shouldAcceptValidPolicyDefinitions"
"","152","triggerDataTransfer_shouldFail_whenDataFlowIsFinite()","","Tue Aug 26 08:07:44 GMT 2025","passed","Tue Aug 26 08:07:44 GMT 2025","","org.eclipse.tractusx.edc.tests.transfer.DataFlowApiEndToEndTest","org.eclipse.tractusx.edc.tests.transfer.DataFlowApiEndToEndTest","triggerDataTransfer_shouldFail_whenDataFlowIsFinite"
"","1","verifyAgentId_whenNoMembershipCredential_forDsp2025(DataspaceProfileContextRegistry)","","Tue Aug 26 08:09:00 GMT 2025","passed","Tue Aug 26 08:09:00 GMT 2025","","org.eclipse.tractusx.edc.tests.transfer.IdentityExtractionTest","org.eclipse.tractusx.edc.tests.transfer.IdentityExtractionTest","verifyAgentId_whenNoMembershipCredential_forDsp2025"
"","4093","transferData_unsuccessful_notReturnOriginalSourceResponseCode_withTerminate()","","Tue Aug 26 08:10:05 GMT 2025","passed","Tue Aug 26 08:10:09 GMT 2025","","org.eclipse.tractusx.edc.tests.transfer.TransferPullEndToEndTest.Dsp08to08","org.eclipse.tractusx.edc.tests.transfer.TransferPullEndToEndTest$Dsp08to08","transferData_unsuccessful_notReturnOriginalSourceResponseCode_withTerminate"
"","61","4.3.3 Verify invalid access token - sub does not match DID document id","","Tue Aug 26 08:07:46 GMT 2025","passed","Tue Aug 26 08:07:46 GMT 2025","","org.eclipse.dataspacetck.dcp.verification.presentation.verifier.PresentationFlowSection4Test","org.eclipse.dataspacetck.dcp.verification.presentation.verifier.PresentationFlowSection4Test","verifier_04_03_03_idTokenIncorrectSub"
"","3417","transferData_failing_withProxyOriginalResponse()","","Tue Aug 26 08:08:58 GMT 2025","passed","Tue Aug 26 08:09:02 GMT 2025","","org.eclipse.tractusx.edc.tests.transfer.TransferPullEndToEndTest.Dsp2025to2025","org.eclipse.tractusx.edc.tests.transfer.TransferPullEndToEndTest$Dsp2025to2025","transferData_failing_withProxyOriginalResponse"
"","123","5.4.3.6 Verifier should reject Presentations where at least 1 credential is revoked/suspended","","Tue Aug 26 08:07:46 GMT 2025","passed","Tue Aug 26 08:07:46 GMT 2025","","org.eclipse.dataspacetck.dcp.verification.presentation.verifier.PresentationFlowSection5Test","org.eclipse.dataspacetck.dcp.verification.presentation.verifier.PresentationFlowSection5Test","verifier_05_04_03_06_presentationResponse_credentialRevoked"
"","181","Expect the Catalog request to fail if a credential is expired","","Tue Aug 26 08:08:41 GMT 2025","passed","Tue Aug 26 08:08:41 GMT 2025","","org.eclipse.tractusx.edc.tests.transfer.DimConsumerPullTest","org.eclipse.tractusx.edc.tests.transfer.DimConsumerPullTest","catalogRequest_whenCredentialExpired"
"","1288","The refresh token does not match the stored one","","Tue Aug 26 08:07:05 GMT 2025","passed","Tue Aug 26 08:07:06 GMT 2025","","org.eclipse.tractusx.edc.dataplane.tokenrefresh.e2e.DataPlaneTokenRefreshEndToEndTest","org.eclipse.tractusx.edc.dataplane.tokenrefresh.e2e.DataPlaneTokenRefreshEndToEndTest","refresh_withWrongRefreshToken"
"","147","triggerDataTransfer_shouldFail_whenDataFlowIsNotInStartedState()","","Tue Aug 26 08:07:44 GMT 2025","passed","Tue Aug 26 08:07:45 GMT 2025","","org.eclipse.tractusx.edc.tests.transfer.DataFlowApiEndToEndTest","org.eclipse.tractusx.edc.tests.transfer.DataFlowApiEndToEndTest","triggerDataTransfer_shouldFail_whenDataFlowIsNotInStartedState"
"","170","refreshEdr_whenNotAuthorized()","","Tue Aug 26 08:08:03 GMT 2025","passed","Tue Aug 26 08:08:03 GMT 2025","","org.eclipse.tractusx.edc.tests.edrv2.EdrCacheApiEndToEndTest","org.eclipse.tractusx.edc.tests.edrv2.EdrCacheApiEndToEndTest","refreshEdr_whenNotAuthorized"
"","4600","Verify that the callbacks are invoked when negotiating an EDR","","Tue Aug 26 08:08:24 GMT 2025","passed","Tue Aug 26 08:08:28 GMT 2025","","org.eclipse.tractusx.edc.tests.edrv2.NegotiateEdrTest","org.eclipse.tractusx.edc.tests.edrv2.NegotiateEdrTest","negotiateEdr_shouldInvokeCallbacks"
"","2456","Consumer gets cached catalog with provider entry","","Tue Aug 26 08:08:31 GMT 2025","passed","Tue Aug 26 08:08:33 GMT 2025","","org.eclipse.tractusx.edc.tests.catalog.FederatedCatalogTest","org.eclipse.tractusx.edc.tests.catalog.FederatedCatalogTest","requestCatalog_fulfillsPolicy_shouldReturnOffer"
"","25","Policy is accepted Liability","","Tue Aug 26 08:07:20 GMT 2025","passed","Tue Aug 26 08:07:20 GMT 2025","","org.eclipse.tractusx.edc.tests.policy.PolicyDefinitionEndToEndTest","org.eclipse.tractusx.edc.tests.policy.PolicyDefinitionEndToEndTest","shouldNotAcceptInvalidNamespacePolicyDefinitions"
"","4038","transferData_success_withProxyOriginalResponse()","","Tue Aug 26 08:10:32 GMT 2025","passed","Tue Aug 26 08:10:37 GMT 2025","","org.eclipse.tractusx.edc.tests.transfer.TransferPullEndToEndTest.Dsp08to08","org.eclipse.tractusx.edc.tests.transfer.TransferPullEndToEndTest$Dsp08to08","transferData_success_withProxyOriginalResponse"
"","2040","transferFile_s3ToAzureMultipleFiles(Vault)","","Tue Aug 26 08:08:13 GMT 2025","passed","Tue Aug 26 08:08:15 GMT 2025","","org.eclipse.tractusx.edc.dataplane.transfer.test.MultiCloudTest","org.eclipse.tractusx.edc.dataplane.transfer.test.MultiCloudTest","transferFile_s3ToAzureMultipleFiles"
"","73","5.4.3.7 Verifier should reject an expired credential","","Tue Aug 26 08:07:47 GMT 2025","passed","Tue Aug 26 08:07:47 GMT 2025","","org.eclipse.dataspacetck.dcp.verification.presentation.verifier.PresentationFlowSection5Test","org.eclipse.dataspacetck.dcp.verification.presentation.verifier.PresentationFlowSection5Test","verifier_05_04_03_07_presentationResponse_expiredCredential"
"","2054","transferFolder_targetFolderNotExists_shouldCreate(Vault)","","Tue Aug 26 08:07:51 GMT 2025","passed","Tue Aug 26 08:07:53 GMT 2025","","org.eclipse.tractusx.edc.dataplane.transfer.test.AzureToAzureTest","org.eclipse.tractusx.edc.dataplane.transfer.test.AzureToAzureTest","transferFolder_targetFolderNotExists_shouldCreate"
"","47","Policy is accepted In force date policy","","Tue Aug 26 08:07:19 GMT 2025","passed","Tue Aug 26 08:07:19 GMT 2025","","org.eclipse.tractusx.edc.tests.policy.PolicyDefinitionEndToEndTest","org.eclipse.tractusx.edc.tests.policy.PolicyDefinitionEndToEndTest","shouldAcceptValidPolicyDefinitions"
"","43","Policy is accepted MembershipCredential","","Tue Aug 26 08:07:19 GMT 2025","passed","Tue Aug 26 08:07:20 GMT 2025","","org.eclipse.tractusx.edc.tests.policy.PolicyDefinitionEndToEndTest","org.eclipse.tractusx.edc.tests.policy.PolicyDefinitionEndToEndTest","shouldNotAcceptInvalidNamespacePolicyDefinitions"
"","50","Policy is accepted Liability","","Tue Aug 26 08:07:18 GMT 2025","passed","Tue Aug 26 08:07:18 GMT 2025","","org.eclipse.tractusx.edc.tests.policy.PolicyDefinitionEndToEndTest","org.eclipse.tractusx.edc.tests.policy.PolicyDefinitionEndToEndTest","shouldAcceptValidPolicyDefinitions"
"","24","Policy is accepted Liability","","Tue Aug 26 08:07:20 GMT 2025","passed","Tue Aug 26 08:07:20 GMT 2025","","org.eclipse.tractusx.edc.tests.policy.PolicyDefinitionEndToEndTest","org.eclipse.tractusx.edc.tests.policy.PolicyDefinitionEndToEndTest","shouldNotAcceptInvalidNamespacePolicyDefinitions"
"","3195","transferData_failing_withProxyOriginalResponse_withoutSourceResponseBody()","","Tue Aug 26 08:09:16 GMT 2025","passed","Tue Aug 26 08:09:19 GMT 2025","","org.eclipse.tractusx.edc.tests.transfer.TransferPullEndToEndTest.Dsp2025to2025","org.eclipse.tractusx.edc.tests.transfer.TransferPullEndToEndTest$Dsp2025to2025","transferData_failing_withProxyOriginalResponse_withoutSourceResponseBody"
"","26","Policy is accepted Data Usage End Date","","Tue Aug 26 08:07:20 GMT 2025","passed","Tue Aug 26 08:07:20 GMT 2025","","org.eclipse.tractusx.edc.tests.policy.PolicyDefinitionEndToEndTest","org.eclipse.tractusx.edc.tests.policy.PolicyDefinitionEndToEndTest","shouldNotAcceptInvalidNamespacePolicyDefinitions"
"","15137","transferData_withTerminate()","","Tue Aug 26 08:10:13 GMT 2025","passed","Tue Aug 26 08:10:28 GMT 2025","","org.eclipse.tractusx.edc.tests.transfer.TransferPullEndToEndTest.Dsp08to08","org.eclipse.tractusx.edc.tests.transfer.TransferPullEndToEndTest$Dsp08to08","transferData_withTerminate"
"","237","Verify that the consumer receives only the offers he is permitted to (using the legacy BPN validation)","","Tue Aug 26 08:08:10 GMT 2025","passed","Tue Aug 26 08:08:10 GMT 2025","","org.eclipse.tractusx.edc.tests.catalog.CatalogTest","org.eclipse.tractusx.edc.tests.catalog.CatalogTest","requestCatalog_filteredByBpnLegacy_shouldReject"
"","162","refreshEdr_whenNotFound()","","Tue Aug 26 08:07:57 GMT 2025","passed","Tue Aug 26 08:07:57 GMT 2025","","org.eclipse.tractusx.edc.tests.edrv2.EdrCacheApiEndToEndTest","org.eclipse.tractusx.edc.tests.edrv2.EdrCacheApiEndToEndTest","refreshEdr_whenNotFound"
"","162","4.3.3 Verify invalid access token - jti","","Tue Aug 26 08:07:46 GMT 2025","passed","Tue Aug 26 08:07:46 GMT 2025","","org.eclipse.dataspacetck.dcp.verification.presentation.verifier.PresentationFlowSection4Test","org.eclipse.dataspacetck.dcp.verification.presentation.verifier.PresentationFlowSection4Test","verifier_04_03_03_idTokenJtiUsedTwice"
"","6094","transferFile_success()","","Tue Aug 26 08:09:37 GMT 2025","passed","Tue Aug 26 08:09:43 GMT 2025","","org.eclipse.tractusx.edc.tests.transfer.S3ToS3EndToEndTest","org.eclipse.tractusx.edc.tests.transfer.S3ToS3EndToEndTest","transferFile_success"
"","27","Policy is accepted Data Frequency","","Tue Aug 26 08:07:20 GMT 2025","passed","Tue Aug 26 08:07:20 GMT 2025","","org.eclipse.tractusx.edc.tests.policy.PolicyDefinitionEndToEndTest","org.eclipse.tractusx.edc.tests.policy.PolicyDefinitionEndToEndTest","shouldNotAcceptInvalidNamespacePolicyDefinitions"
"","25","Policy is accepted Managed Legal Entity Region","","Tue Aug 26 08:07:20 GMT 2025","passed","Tue Aug 26 08:07:20 GMT 2025","","org.eclipse.tractusx.edc.tests.policy.PolicyDefinitionEndToEndTest","org.eclipse.tractusx.edc.tests.policy.PolicyDefinitionEndToEndTest","shouldNotAcceptInvalidNamespacePolicyDefinitions"
"","3993","transferData_success_withProxyOriginalResponse_withoutSourceResponseBody()","","Tue Aug 26 08:10:01 GMT 2025","passed","Tue Aug 26 08:10:05 GMT 2025","","org.eclipse.tractusx.edc.tests.transfer.TransferPullEndToEndTest.Dsp08to08","org.eclipse.tractusx.edc.tests.transfer.TransferPullEndToEndTest$Dsp08to08","transferData_success_withProxyOriginalResponse_withoutSourceResponseBody"
"","22","Policy is accepted Affiliates Region (IS_ANY_OF, one element)","","Tue Aug 26 08:07:20 GMT 2025","passed","Tue Aug 26 08:07:20 GMT 2025","","org.eclipse.tractusx.edc.tests.policy.PolicyDefinitionEndToEndTest","org.eclipse.tractusx.edc.tests.policy.PolicyDefinitionEndToEndTest","shouldNotAcceptInvalidNamespacePolicyDefinitions"
"","64","Policy is accepted Managed Legal Entity Region","","Tue Aug 26 08:07:18 GMT 2025","passed","Tue Aug 26 08:07:18 GMT 2025","","org.eclipse.tractusx.edc.tests.policy.PolicyDefinitionEndToEndTest","org.eclipse.tractusx.edc.tests.policy.PolicyDefinitionEndToEndTest","shouldAcceptValidPolicyDefinitions"
"","4623","transferData_failing_withProxyOriginalResponse_withoutSourceResponseBody()","","Tue Aug 26 08:10:28 GMT 2025","passed","Tue Aug 26 08:10:32 GMT 2025","","org.eclipse.tractusx.edc.tests.transfer.TransferPullEndToEndTest.Dsp08to08","org.eclipse.tractusx.edc.tests.transfer.TransferPullEndToEndTest$Dsp08to08","transferData_failing_withProxyOriginalResponse_withoutSourceResponseBody"
"","29","Policy is accepted Affiliates Region","","Tue Aug 26 08:07:20 GMT 2025","passed","Tue Aug 26 08:07:20 GMT 2025","","org.eclipse.tractusx.edc.tests.policy.PolicyDefinitionEndToEndTest","org.eclipse.tractusx.edc.tests.policy.PolicyDefinitionEndToEndTest","shouldNotAcceptInvalidNamespacePolicyDefinitions"
"","42","4.3.3 Verify invalid access token - iss and sub different","","Tue Aug 26 08:07:46 GMT 2025","passed","Tue Aug 26 08:07:46 GMT 2025","","org.eclipse.dataspacetck.dcp.verification.presentation.verifier.PresentationFlowSection4Test","org.eclipse.dataspacetck.dcp.verification.presentation.verifier.PresentationFlowSection4Test","verifier_04_03_03_idTokenInvalidSub"
"","153","Expect the Catalog request to fail if a credential is expired","","Tue Aug 26 08:09:27 GMT 2025","passed","Tue Aug 26 08:09:27 GMT 2025","","org.eclipse.tractusx.edc.tests.transfer.StsConsumerPullTest","org.eclipse.tractusx.edc.tests.transfer.StsConsumerPullTest","catalogRequest_whenCredentialExpired"
"","40","4.3.3 Verify invalid access token - auth token bound to a different iss/sub","","Tue Aug 26 08:07:46 GMT 2025","passed","Tue Aug 26 08:07:46 GMT 2025","","org.eclipse.dataspacetck.dcp.verification.presentation.verifier.PresentationFlowSection4Test","org.eclipse.dataspacetck.dcp.verification.presentation.verifier.PresentationFlowSection4Test","verifier_04_03_03_idTokenInvalidIssuerSub"
"","61","Policy is accepted Affiliates Region (IS_ANY_OF, one element)","","Tue Aug 26 08:07:18 GMT 2025","passed","Tue Aug 26 08:07:18 GMT 2025","","org.eclipse.tractusx.edc.tests.policy.PolicyDefinitionEndToEndTest","org.eclipse.tractusx.edc.tests.policy.PolicyDefinitionEndToEndTest","shouldAcceptValidPolicyDefinitions"
"","81","5.4.2.2 Verifier should accept a presentation response message that contains more credentials than requested","","Tue Aug 26 08:07:46 GMT 2025","passed","Tue Aug 26 08:07:46 GMT 2025","","org.eclipse.dataspacetck.dcp.verification.presentation.verifier.PresentationFlowSection5Test","org.eclipse.dataspacetck.dcp.verification.presentation.verifier.PresentationFlowSection5Test","verifier_05_04_02_02_presentationResponse_tooManyCredentials"
"","2645","Verify that the consumer receives only the offers he is permitted to (using the legacy BPN validation)","","Tue Aug 26 08:07:27 GMT 2025","passed","Tue Aug 26 08:07:29 GMT 2025","","org.eclipse.tractusx.edc.tests.catalog.CatalogTest","org.eclipse.tractusx.edc.tests.catalog.CatalogTest","requestCatalog_filteredByBpnLegacy_WithNamespace_shouldReject"
"","26","Policy is accepted Jurisdiction Location","","Tue Aug 26 08:07:20 GMT 2025","passed","Tue Aug 26 08:07:20 GMT 2025","","org.eclipse.tractusx.edc.tests.policy.PolicyDefinitionEndToEndTest","org.eclipse.tractusx.edc.tests.policy.PolicyDefinitionEndToEndTest","shouldNotAcceptInvalidNamespacePolicyDefinitions"
"","6480","Verify all existing TPs related to an agreement are terminated upon its retirement","","Tue Aug 26 08:08:06 GMT 2025","passed","Tue Aug 26 08:08:13 GMT 2025","","org.eclipse.tractusx.edc.tests.transfer.RetireAgreementTest","org.eclipse.tractusx.edc.tests.transfer.RetireAgreementTest","retireAgreement_shouldCloseTransferProcesses"
"","37","Policy is accepted Warranty","","Tue Aug 26 08:07:20 GMT 2025","passed","Tue Aug 26 08:07:20 GMT 2025","","org.eclipse.tractusx.edc.tests.policy.PolicyDefinitionEndToEndTest","org.eclipse.tractusx.edc.tests.policy.PolicyDefinitionEndToEndTest","shouldNotAcceptInvalidNamespacePolicyDefinitions"
"","3502","Contract policy is fulfilled MembershipCredential","","Tue Aug 26 08:09:27 GMT 2025","passed","Tue Aug 26 08:09:30 GMT 2025","","org.eclipse.tractusx.edc.tests.transfer.StsConsumerPullTest","org.eclipse.tractusx.edc.tests.transfer.StsConsumerPullTest","transferData_whenContractPolicyFulfilled"
"","30","Policy is not accepted Policy with mutually exclusive constraints","","Tue Aug 26 08:07:19 GMT 2025","passed","Tue Aug 26 08:07:19 GMT 2025","","org.eclipse.tractusx.edc.tests.policy.PolicyDefinitionEndToEndTest","org.eclipse.tractusx.edc.tests.policy.PolicyDefinitionEndToEndTest","shouldNotAcceptInvalidPolicyDefinitions"
"","1259","The authentication token has a invalid id","","Tue Aug 26 08:07:04 GMT 2025","passed","Tue Aug 26 08:07:05 GMT 2025","","org.eclipse.tractusx.edc.dataplane.tokenrefresh.e2e.DataPlaneTokenRefreshEndToEndTest","org.eclipse.tractusx.edc.dataplane.tokenrefresh.e2e.DataPlaneTokenRefreshEndToEndTest","refresh_invalidTokenId"
"","286","Expect the Catalog request to fail if a credential is revoked","","Tue Aug 26 08:09:26 GMT 2025","passed","Tue Aug 26 08:09:27 GMT 2025","","org.eclipse.tractusx.edc.tests.transfer.StsConsumerPullTest","org.eclipse.tractusx.edc.tests.transfer.StsConsumerPullTest","catalogRequest_whenCredentialRevoked"
"","2075","transferFile_s3ToAzureMultipleFiles_whenConsumerDefinesBloblName_success(Vault)","","Tue Aug 26 08:08:07 GMT 2025","passed","Tue Aug 26 08:08:09 GMT 2025","","org.eclipse.tractusx.edc.dataplane.transfer.test.MultiCloudTest","org.eclipse.tractusx.edc.dataplane.transfer.test.MultiCloudTest","transferFile_s3ToAzureMultipleFiles_whenConsumerDefinesBloblName_success"
"","393","Provider gets 400 when empty asset selector is used","","Tue Aug 26 08:08:42 GMT 2025","passed","Tue Aug 26 08:08:42 GMT 2025","","org.eclipse.tractusx.edc.tests.validators.EmptyAssetSelectorValidatorTest","org.eclipse.tractusx.edc.tests.validators.EmptyAssetSelectorValidatorTest","shouldFail_whenContractDefinitionHasEmptyAssetSelector"
"","27","Policy is accepted Data Usage End Date Definition","","Tue Aug 26 08:07:20 GMT 2025","passed","Tue Aug 26 08:07:20 GMT 2025","","org.eclipse.tractusx.edc.tests.policy.PolicyDefinitionEndToEndTest","org.eclipse.tractusx.edc.tests.policy.PolicyDefinitionEndToEndTest","shouldNotAcceptInvalidNamespacePolicyDefinitions"
"","12171","shouldTransferOneGbFile()","","Tue Aug 26 08:08:25 GMT 2025","passed","Tue Aug 26 08:08:37 GMT 2025","","org.eclipse.tractusx.edc.dataplane.transfer.test.S3ToS3Test","org.eclipse.tractusx.edc.dataplane.transfer.test.S3ToS3Test","shouldTransferOneGbFile"
"","31","Policy is accepted ContractTermination","","Tue Aug 26 08:07:20 GMT 2025","passed","Tue Aug 26 08:07:20 GMT 2025","","org.eclipse.tractusx.edc.tests.policy.PolicyDefinitionEndToEndTest","org.eclipse.tractusx.edc.tests.policy.PolicyDefinitionEndToEndTest","shouldNotAcceptInvalidNamespacePolicyDefinitions"
"","62","Policy is accepted Jurisdiction Location Reference","","Tue Aug 26 08:07:18 GMT 2025","passed","Tue Aug 26 08:07:18 GMT 2025","","org.eclipse.tractusx.edc.tests.policy.PolicyDefinitionEndToEndTest","org.eclipse.tractusx.edc.tests.policy.PolicyDefinitionEndToEndTest","shouldAcceptValidPolicyDefinitions"
"","31","Policy is accepted Version Changes","","Tue Aug 26 08:07:20 GMT 2025","passed","Tue Aug 26 08:07:20 GMT 2025","","org.eclipse.tractusx.edc.tests.policy.PolicyDefinitionEndToEndTest","org.eclipse.tractusx.edc.tests.policy.PolicyDefinitionEndToEndTest","shouldNotAcceptInvalidNamespacePolicyDefinitions"
"","6601","httpPushDataTransfer()","","Tue Aug 26 08:11:08 GMT 2025","passed","Tue Aug 26 08:11:14 GMT 2025","","org.eclipse.tractusx.edc.tests.transfer.TransferPushEndToEndTest.Dsp2025to2025","org.eclipse.tractusx.edc.tests.transfer.TransferPushEndToEndTest$Dsp2025to2025","httpPushDataTransfer"
"","15824","Malicious actor should not impersonate a consumer by creating a VP with the consumer membership credential","","Tue Aug 26 08:07:44 GMT 2025","passed","Tue Aug 26 08:08:00 GMT 2025","","org.eclipse.tractusx.edc.tests.transfer.CredentialSpoofTest","org.eclipse.tractusx.edc.tests.transfer.CredentialSpoofTest","shouldNotImpersonateConsumer_withWrappedConsumerCredential"
"","41","5.4.2.3 Verifier should reject an empty 'presentation' array","","Tue Aug 26 08:07:47 GMT 2025","passed","Tue Aug 26 08:07:47 GMT 2025","","org.eclipse.dataspacetck.dcp.verification.presentation.verifier.PresentationFlowSection5Test","org.eclipse.dataspacetck.dcp.verification.presentation.verifier.PresentationFlowSection5Test","verifier_05_04_02_03_presentationResponse_emptyPresentations"
"","44","Policy is accepted Confidential Information Measures","","Tue Aug 26 08:07:19 GMT 2025","passed","Tue Aug 26 08:07:19 GMT 2025","","org.eclipse.tractusx.edc.tests.policy.PolicyDefinitionEndToEndTest","org.eclipse.tractusx.edc.tests.policy.PolicyDefinitionEndToEndTest","shouldAcceptValidPolicyDefinitions"
"","694","4.3.3 Verify invalid access token - nbf in future","","Tue Aug 26 08:07:45 GMT 2025","passed","Tue Aug 26 08:07:46 GMT 2025","","org.eclipse.dataspacetck.dcp.verification.presentation.verifier.PresentationFlowSection4Test","org.eclipse.dataspacetck.dcp.verification.presentation.verifier.PresentationFlowSection4Test","verifier_04_03_03_idTokenNbfInFuture"
"","31","Policy is accepted Exclusive Usage","","Tue Aug 26 08:07:20 GMT 2025","passed","Tue Aug 26 08:07:20 GMT 2025","","org.eclipse.tractusx.edc.tests.policy.PolicyDefinitionEndToEndTest","org.eclipse.tractusx.edc.tests.policy.PolicyDefinitionEndToEndTest","shouldNotAcceptInvalidNamespacePolicyDefinitions"
"","39501","Catalog with 1000 offers","","Tue Aug 26 08:07:30 GMT 2025","passed","Tue Aug 26 08:08:09 GMT 2025","","org.eclipse.tractusx.edc.tests.catalog.CatalogTest","org.eclipse.tractusx.edc.tests.catalog.CatalogTest","requestCatalog_of1000Assets_shouldContainAll"
"","47","Policy is accepted Usage Purpose","","Tue Aug 26 08:07:18 GMT 2025","passed","Tue Aug 26 08:07:18 GMT 2025","","org.eclipse.tractusx.edc.tests.policy.PolicyDefinitionEndToEndTest","org.eclipse.tractusx.edc.tests.policy.PolicyDefinitionEndToEndTest","shouldAcceptValidPolicyDefinitions"
"","1","verifyCorrectParticipantAgentId_forDsp2025(DataspaceProfileContextRegistry)","","Tue Aug 26 08:09:00 GMT 2025","passed","Tue Aug 26 08:09:00 GMT 2025","","org.eclipse.tractusx.edc.tests.transfer.IdentityExtractionTest","org.eclipse.tractusx.edc.tests.transfer.IdentityExtractionTest","verifyCorrectParticipantAgentId_forDsp2025"
"","51","Policy is accepted Warranty","","Tue Aug 26 08:07:18 GMT 2025","passed","Tue Aug 26 08:07:19 GMT 2025","","org.eclipse.tractusx.edc.tests.policy.PolicyDefinitionEndToEndTest","org.eclipse.tractusx.edc.tests.policy.PolicyDefinitionEndToEndTest","shouldAcceptValidPolicyDefinitions"
"","32","Policy is not accepted Access policy permission with not allowed constraints","","Tue Aug 26 08:07:19 GMT 2025","passed","Tue Aug 26 08:07:19 GMT 2025","","org.eclipse.tractusx.edc.tests.policy.PolicyDefinitionEndToEndTest","org.eclipse.tractusx.edc.tests.policy.PolicyDefinitionEndToEndTest","shouldNotAcceptInvalidPolicyDefinitions"
"","42","4.3.3 Verify invalid access token - expired","","Tue Aug 26 08:07:46 GMT 2025","passed","Tue Aug 26 08:07:46 GMT 2025","","org.eclipse.dataspacetck.dcp.verification.presentation.verifier.PresentationFlowSection4Test","org.eclipse.dataspacetck.dcp.verification.presentation.verifier.PresentationFlowSection4Test","verifier_04_03_03_idTokenExpired"
"","1894","Policy is accepted MembershipCredential","","Tue Aug 26 08:07:15 GMT 2025","passed","Tue Aug 26 08:07:17 GMT 2025","","org.eclipse.tractusx.edc.tests.policy.PolicyDefinitionEndToEndTest","org.eclipse.tractusx.edc.tests.policy.PolicyDefinitionEndToEndTest","shouldAcceptValidPolicyDefinitions"
"","6478","httpPushDataTransfer()","","Tue Aug 26 08:11:44 GMT 2025","passed","Tue Aug 26 08:11:50 GMT 2025","","org.eclipse.tractusx.edc.tests.transfer.TransferPushEndToEndTest.Dsp08to08","org.eclipse.tractusx.edc.tests.transfer.TransferPushEndToEndTest$Dsp08to08","httpPushDataTransfer"
"","632","triggerDataTransfer_shouldFail_whenDataFlowIsNotPushFlowType()","","Tue Aug 26 08:07:44 GMT 2025","passed","Tue Aug 26 08:07:44 GMT 2025","","org.eclipse.tractusx.edc.tests.transfer.DataFlowApiEndToEndTest","org.eclipse.tractusx.edc.tests.transfer.DataFlowApiEndToEndTest","triggerDataTransfer_shouldFail_whenDataFlowIsNotPushFlowType"
"","36","Policy is accepted Confidential Information Sharing","","Tue Aug 26 08:07:20 GMT 2025","passed","Tue Aug 26 08:07:20 GMT 2025","","org.eclipse.tractusx.edc.tests.policy.PolicyDefinitionEndToEndTest","org.eclipse.tractusx.edc.tests.policy.PolicyDefinitionEndToEndTest","shouldNotAcceptInvalidNamespacePolicyDefinitions"
"","45","Policy is accepted Warranty Definition","","Tue Aug 26 08:07:19 GMT 2025","passed","Tue Aug 26 08:07:19 GMT 2025","","org.eclipse.tractusx.edc.tests.policy.PolicyDefinitionEndToEndTest","org.eclipse.tractusx.edc.tests.policy.PolicyDefinitionEndToEndTest","shouldAcceptValidPolicyDefinitions"
"","2060","Verify the refresh endpoint is not called when auto_refresh=false","","Tue Aug 26 08:07:54 GMT 2025","passed","Tue Aug 26 08:07:56 GMT 2025","","org.eclipse.tractusx.edc.tests.edrv2.EdrCacheApiEndToEndTest","org.eclipse.tractusx.edc.tests.edrv2.EdrCacheApiEndToEndTest","getEdrWithRefresh_whenNotAutorefresh_shouldNotCallEndpoint"
"","56","Policy is accepted Managed Legal Entity BPNL","","Tue Aug 26 08:07:18 GMT 2025","passed","Tue Aug 26 08:07:18 GMT 2025","","org.eclipse.tractusx.edc.tests.policy.PolicyDefinitionEndToEndTest","org.eclipse.tractusx.edc.tests.policy.PolicyDefinitionEndToEndTest","shouldAcceptValidPolicyDefinitions"
"","56","Policy is accepted Affiliates BPNL","","Tue Aug 26 08:07:18 GMT 2025","passed","Tue Aug 26 08:07:18 GMT 2025","","org.eclipse.tractusx.edc.tests.policy.PolicyDefinitionEndToEndTest","org.eclipse.tractusx.edc.tests.policy.PolicyDefinitionEndToEndTest","shouldAcceptValidPolicyDefinitions"
"","5904","transferData_privateBackend()","","Tue Aug 26 08:08:31 GMT 2025","passed","Tue Aug 26 08:08:37 GMT 2025","","org.eclipse.tractusx.edc.tests.transfer.DimConsumerPullTest","org.eclipse.tractusx.edc.tests.transfer.DimConsumerPullTest","transferData_privateBackend"
"","44","4.3.1 Verifier should reject an ID token that does not contain an access token","","Tue Aug 26 08:07:46 GMT 2025","passed","Tue Aug 26 08:07:46 GMT 2025","","org.eclipse.dataspacetck.dcp.verification.presentation.verifier.PresentationFlowSection4Test","org.eclipse.dataspacetck.dcp.verification.presentation.verifier.PresentationFlowSection4Test","verifier_04_03_01_presentationResponse_idTokenNoTokenClaim"
"","2035","transferFile_targetContainerNotExist_shouldFail(Vault)","","Tue Aug 26 08:07:53 GMT 2025","passed","Tue Aug 26 08:07:55 GMT 2025","","org.eclipse.tractusx.edc.dataplane.transfer.test.AzureToAzureTest","org.eclipse.tractusx.edc.dataplane.transfer.test.AzureToAzureTest","transferFile_targetContainerNotExist_shouldFail"
"","1310","BusinessPartnerCreated event is published","","Tue Aug 26 08:06:57 GMT 2025","passed","Tue Aug 26 08:06:59 GMT 2025","","org.eclipse.tractusx.edc.tests.bpn.events.BusinessPartnerEventTest","org.eclipse.tractusx.edc.tests.bpn.events.BusinessPartnerEventTest","shouldPublishBusinessPartnerCreatedEvent"
"","8440","transferData_withAutomaticRefresh()","","Tue Aug 26 08:12:20 GMT 2025","passed","Tue Aug 26 08:12:29 GMT 2025","","org.eclipse.tractusx.edc.tests.transfer.TransferWithTokenRefreshTest","org.eclipse.tractusx.edc.tests.transfer.TransferWithTokenRefreshTest","transferData_withAutomaticRefresh"
"","6913","transferData_withSuspendResume()","","Tue Aug 26 08:10:37 GMT 2025","passed","Tue Aug 26 08:10:43 GMT 2025","","org.eclipse.tractusx.edc.tests.transfer.TransferPullEndToEndTest.Dsp08to08","org.eclipse.tractusx.edc.tests.transfer.TransferPullEndToEndTest$Dsp08to08","transferData_withSuspendResume"
"","40","Policy is accepted Exclusive Usage","","Tue Aug 26 08:07:19 GMT 2025","passed","Tue Aug 26 08:07:19 GMT 2025","","org.eclipse.tractusx.edc.tests.policy.PolicyDefinitionEndToEndTest","org.eclipse.tractusx.edc.tests.policy.PolicyDefinitionEndToEndTest","shouldAcceptValidPolicyDefinitions"
"","61","Policy is accepted Data Usage End Date Definition","","Tue Aug 26 08:07:18 GMT 2025","passed","Tue Aug 26 08:07:18 GMT 2025","","org.eclipse.tractusx.edc.tests.policy.PolicyDefinitionEndToEndTest","org.eclipse.tractusx.edc.tests.policy.PolicyDefinitionEndToEndTest","shouldAcceptValidPolicyDefinitions"
"","3744","Contract policy is fulfilled MembershipCredential","","Tue Aug 26 08:08:41 GMT 2025","passed","Tue Aug 26 08:08:45 GMT 2025","","org.eclipse.tractusx.edc.tests.transfer.DimConsumerPullTest","org.eclipse.tractusx.edc.tests.transfer.DimConsumerPullTest","transferData_whenContractPolicyFulfilled"
"","17297","Malicious actor should not impersonate a consumer sending a valid consumer VP","","Tue Aug 26 08:07:27 GMT 2025","passed","Tue Aug 26 08:07:44 GMT 2025","","org.eclipse.tractusx.edc.tests.transfer.CredentialSpoofTest","org.eclipse.tractusx.edc.tests.transfer.CredentialSpoofTest","shouldNotImpersonateConsumer_withConsumerPresentation"
"","174","Verify HTTP 403 response when refreshing the token is not allowed","","Tue Aug 26 08:07:57 GMT 2025","passed","Tue Aug 26 08:07:58 GMT 2025","","org.eclipse.tractusx.edc.tests.edrv2.EdrCacheApiEndToEndTest","org.eclipse.tractusx.edc.tests.edrv2.EdrCacheApiEndToEndTest","getEdrWithRefresh_unauthorized"
"","2072","transferMultipleFile_success(Vault)","","Tue Aug 26 08:07:47 GMT 2025","passed","Tue Aug 26 08:07:49 GMT 2025","","org.eclipse.tractusx.edc.dataplane.transfer.test.AzureToAzureTest","org.eclipse.tractusx.edc.dataplane.transfer.test.AzureToAzureTest","transferMultipleFile_success"
"","28","Policy is accepted DataExchangeGovernance use case","","Tue Aug 26 08:07:20 GMT 2025","passed","Tue Aug 26 08:07:20 GMT 2025","","org.eclipse.tractusx.edc.tests.policy.PolicyDefinitionEndToEndTest","org.eclipse.tractusx.edc.tests.policy.PolicyDefinitionEndToEndTest","shouldNotAcceptInvalidNamespacePolicyDefinitions"
"","110","X.X Verifier should reject Presentations where at least 1 credential schema is violated","","Tue Aug 26 08:07:46 GMT 2025","passed","Tue Aug 26 08:07:47 GMT 2025","","org.eclipse.dataspacetck.dcp.verification.presentation.verifier.PresentationFlowSection5Test","org.eclipse.dataspacetck.dcp.verification.presentation.verifier.PresentationFlowSection5Test","verifier_x_x_presentationResponse_invalidCredentialSchema"
"","26","Policy is accepted Affiliates BPNL","","Tue Aug 26 08:07:20 GMT 2025","passed","Tue Aug 26 08:07:20 GMT 2025","","org.eclipse.tractusx.edc.tests.policy.PolicyDefinitionEndToEndTest","org.eclipse.tractusx.edc.tests.policy.PolicyDefinitionEndToEndTest","shouldNotAcceptInvalidNamespacePolicyDefinitions"
"","3668","Contract policy is fulfilled DataExchangeGovernance use case","","Tue Aug 26 08:08:45 GMT 2025","passed","Tue Aug 26 08:08:48 GMT 2025","","org.eclipse.tractusx.edc.tests.transfer.DimConsumerPullTest","org.eclipse.tractusx.edc.tests.transfer.DimConsumerPullTest","transferData_whenContractPolicyFulfilled"
"","3820","transferData_privateBackend_withConsumerDataPlane()","","Tue Aug 26 08:08:37 GMT 2025","passed","Tue Aug 26 08:08:40 GMT 2025","","org.eclipse.tractusx.edc.tests.transfer.DimConsumerPullTest","org.eclipse.tractusx.edc.tests.transfer.DimConsumerPullTest","transferData_privateBackend_withConsumerDataPlane"
"","128","Policy is not accepted Usage policy with empty permission","","Tue Aug 26 08:07:19 GMT 2025","passed","Tue Aug 26 08:07:19 GMT 2025","","org.eclipse.tractusx.edc.tests.policy.PolicyDefinitionEndToEndTest","org.eclipse.tractusx.edc.tests.policy.PolicyDefinitionEndToEndTest","shouldNotAcceptInvalidPolicyDefinitions"
"","2039","transferMultipleFiles()","","Tue Aug 26 08:08:37 GMT 2025","passed","Tue Aug 26 08:08:39 GMT 2025","","org.eclipse.tractusx.edc.dataplane.transfer.test.S3ToS3Test","org.eclipse.tractusx.edc.dataplane.transfer.test.S3ToS3Test","transferMultipleFiles"
"","7991","transferData_withExpiredEdr_shouldReturn4xx()","","Tue Aug 26 08:12:29 GMT 2025","passed","Tue Aug 26 08:12:37 GMT 2025","","org.eclipse.tractusx.edc.tests.transfer.TransferWithTokenRefreshTest","org.eclipse.tractusx.edc.tests.transfer.TransferWithTokenRefreshTest","transferData_withExpiredEdr_shouldReturn4xx"
"","2044","transferFile_success(Vault)","","Tue Aug 26 08:07:49 GMT 2025","passed","Tue Aug 26 08:07:51 GMT 2025","","org.eclipse.tractusx.edc.dataplane.transfer.test.AzureToAzureTest","org.eclipse.tractusx.edc.dataplane.transfer.test.AzureToAzureTest","transferFile_success"
"","10825","httpPushNonFiniteDataTransfer()","","Tue Aug 26 08:11:14 GMT 2025","passed","Tue Aug 26 08:11:25 GMT 2025","","org.eclipse.tractusx.edc.tests.transfer.TransferPushEndToEndTest.Dsp2025to2025","org.eclipse.tractusx.edc.tests.transfer.TransferPushEndToEndTest$Dsp2025to2025","httpPushNonFiniteDataTransfer"
"","45","Policy is accepted Confidential Information Sharing","","Tue Aug 26 08:07:19 GMT 2025","passed","Tue Aug 26 08:07:19 GMT 2025","","org.eclipse.tractusx.edc.tests.policy.PolicyDefinitionEndToEndTest","org.eclipse.tractusx.edc.tests.policy.PolicyDefinitionEndToEndTest","shouldAcceptValidPolicyDefinitions"
"","11718","shouldTerminateTransfer_whenPolicyExpires()","","Tue Aug 26 08:07:44 GMT 2025","passed","Tue Aug 26 08:07:55 GMT 2025","","org.eclipse.tractusx.edc.tests.policy.PolicyMonitorEndToEndTest","org.eclipse.tractusx.edc.tests.policy.PolicyMonitorEndToEndTest","shouldTerminateTransfer_whenPolicyExpires"
"","5463","When multiple requests to refresh, to different edrs, verify all return non expired token","","Tue Aug 26 08:07:58 GMT 2025","passed","Tue Aug 26 08:08:03 GMT 2025","","org.eclipse.tractusx.edc.tests.edrv2.EdrCacheApiEndToEndTest","org.eclipse.tractusx.edc.tests.edrv2.EdrCacheApiEndToEndTest","getEdrWithRefresh_subsequentRequestReturn"
"","36","Policy is accepted Warranty Duration Months","","Tue Aug 26 08:07:20 GMT 2025","passed","Tue Aug 26 08:07:20 GMT 2025","","org.eclipse.tractusx.edc.tests.policy.PolicyDefinitionEndToEndTest","org.eclipse.tractusx.edc.tests.policy.PolicyDefinitionEndToEndTest","shouldNotAcceptInvalidNamespacePolicyDefinitions"
"","48","Policy is not accepted Policy with different actions types","","Tue Aug 26 08:07:19 GMT 2025","passed","Tue Aug 26 08:07:19 GMT 2025","","org.eclipse.tractusx.edc.tests.policy.PolicyDefinitionEndToEndTest","org.eclipse.tractusx.edc.tests.policy.PolicyDefinitionEndToEndTest","shouldNotAcceptInvalidPolicyDefinitions"
"","51","Policy is accepted Liability","","Tue Aug 26 08:07:18 GMT 2025","passed","Tue Aug 26 08:07:18 GMT 2025","","org.eclipse.tractusx.edc.tests.policy.PolicyDefinitionEndToEndTest","org.eclipse.tractusx.edc.tests.policy.PolicyDefinitionEndToEndTest","shouldAcceptValidPolicyDefinitions"
"","107","BusinessPartnerUpdated event is published","","Tue Aug 26 08:06:59 GMT 2025","passed","Tue Aug 26 08:06:59 GMT 2025","","org.eclipse.tractusx.edc.tests.bpn.events.BusinessPartnerEventTest","org.eclipse.tractusx.edc.tests.bpn.events.BusinessPartnerEventTest","shouldPublishBusinessPartnerUpdatedEvent"
"","499","refreshEdr()","","Tue Aug 26 08:07:57 GMT 2025","passed","Tue Aug 26 08:07:57 GMT 2025","","org.eclipse.tractusx.edc.tests.edrv2.EdrCacheApiEndToEndTest","org.eclipse.tractusx.edc.tests.edrv2.EdrCacheApiEndToEndTest","refreshEdr"
"","26","Policy is accepted Contract reference","","Tue Aug 26 08:07:20 GMT 2025","passed","Tue Aug 26 08:07:20 GMT 2025","","org.eclipse.tractusx.edc.tests.policy.PolicyDefinitionEndToEndTest","org.eclipse.tractusx.edc.tests.policy.PolicyDefinitionEndToEndTest","shouldNotAcceptInvalidNamespacePolicyDefinitions"
"","41","Policy is not accepted Policy with unknown actions types","","Tue Aug 26 08:07:19 GMT 2025","passed","Tue Aug 26 08:07:19 GMT 2025","","org.eclipse.tractusx.edc.tests.policy.PolicyDefinitionEndToEndTest","org.eclipse.tractusx.edc.tests.policy.PolicyDefinitionEndToEndTest","shouldNotAcceptInvalidPolicyDefinitions"
"","4093","transferData_failing_withProxyOriginalResponse()","","Tue Aug 26 08:10:09 GMT 2025","passed","Tue Aug 26 08:10:13 GMT 2025","","org.eclipse.tractusx.edc.tests.transfer.TransferPullEndToEndTest.Dsp08to08","org.eclipse.tractusx.edc.tests.transfer.TransferPullEndToEndTest$Dsp08to08","transferData_failing_withProxyOriginalResponse"
"","33","Provider gets 400 when no asset selector is used","","Tue Aug 26 08:08:42 GMT 2025","passed","Tue Aug 26 08:08:42 GMT 2025","","org.eclipse.tractusx.edc.tests.validators.EmptyAssetSelectorValidatorTest","org.eclipse.tractusx.edc.tests.validators.EmptyAssetSelectorValidatorTest","shouldFail_whenContractDefinitionHasNoAssetSelector"
"","10933","httpPushNonFiniteDataTransfer()","","Tue Aug 26 08:11:50 GMT 2025","passed","Tue Aug 26 08:12:01 GMT 2025","","org.eclipse.tractusx.edc.tests.transfer.TransferPushEndToEndTest.Dsp08to08","org.eclipse.tractusx.edc.tests.transfer.TransferPushEndToEndTest$Dsp08to08","httpPushNonFiniteDataTransfer"
"","2041","transferFile_s3ToAzure(Vault)","","Tue Aug 26 08:08:09 GMT 2025","passed","Tue Aug 26 08:08:11 GMT 2025","","org.eclipse.tractusx.edc.dataplane.transfer.test.MultiCloudTest","org.eclipse.tractusx.edc.dataplane.transfer.test.MultiCloudTest","transferFile_s3ToAzure"
"","18673","transferFile_largeFile(long, Vault) File size bytes: 536870912","","Tue Aug 26 08:07:04 GMT 2025","passed","Tue Aug 26 08:07:22 GMT 2025","","org.eclipse.tractusx.edc.dataplane.transfer.test.AzureToAzureTest","org.eclipse.tractusx.edc.dataplane.transfer.test.AzureToAzureTest","transferFile_largeFile"
"","4","verifyCorrectParticipantAgentId_forDsp08(DataspaceProfileContextRegistry)","","Tue Aug 26 08:09:00 GMT 2025","passed","Tue Aug 26 08:09:00 GMT 2025","","org.eclipse.tractusx.edc.tests.transfer.IdentityExtractionTest","org.eclipse.tractusx.edc.tests.transfer.IdentityExtractionTest","verifyCorrectParticipantAgentId_forDsp08"
"","2","verifyAgentId_whenNoMembershipCredential_forDsp08(DataspaceProfileContextRegistry)","","Tue Aug 26 08:09:00 GMT 2025","passed","Tue Aug 26 08:09:00 GMT 2025","","org.eclipse.tractusx.edc.tests.transfer.IdentityExtractionTest","org.eclipse.tractusx.edc.tests.transfer.IdentityExtractionTest","verifyAgentId_whenNoMembershipCredential_forDsp08"
"","6112","transferData_unsuccessful_notReturnOriginalSourceResponseCode_withTerminate()","","Tue Aug 26 08:08:52 GMT 2025","passed","Tue Aug 26 08:08:58 GMT 2025","","org.eclipse.tractusx.edc.tests.transfer.TransferPullEndToEndTest.Dsp2025to2025","org.eclipse.tractusx.edc.tests.transfer.TransferPullEndToEndTest$Dsp2025to2025","transferData_unsuccessful_notReturnOriginalSourceResponseCode_withTerminate"
"","41","4.3.3 Verify invalid access token - incorrect aud","","Tue Aug 26 08:07:46 GMT 2025","passed","Tue Aug 26 08:07:46 GMT 2025","","org.eclipse.dataspacetck.dcp.verification.presentation.verifier.PresentationFlowSection4Test","org.eclipse.dataspacetck.dcp.verification.presentation.verifier.PresentationFlowSection4Test","verifier_04_03_03_idTokenIncorrectAud"
"","4436","transferData_privateBackend()","","Tue Aug 26 08:09:52 GMT 2025","passed","Tue Aug 26 08:09:56 GMT 2025","","org.eclipse.tractusx.edc.tests.transfer.TransferPullEndToEndTest.Dsp08to08","org.eclipse.tractusx.edc.tests.transfer.TransferPullEndToEndTest$Dsp08to08","transferData_privateBackend"
"","4237","transferData_successful_notReturnOriginalSourceResponseCode_withTerminate()","","Tue Aug 26 08:10:43 GMT 2025","passed","Tue Aug 26 08:10:48 GMT 2025","","org.eclipse.tractusx.edc.tests.transfer.TransferPullEndToEndTest.Dsp08to08","org.eclipse.tractusx.edc.tests.transfer.TransferPullEndToEndTest$Dsp08to08","transferData_successful_notReturnOriginalSourceResponseCode_withTerminate"
"","64","Provider gets 200 when asset selector has a valid criterion","","Tue Aug 26 08:08:42 GMT 2025","passed","Tue Aug 26 08:08:42 GMT 2025","","org.eclipse.tractusx.edc.tests.validators.EmptyAssetSelectorValidatorTest","org.eclipse.tractusx.edc.tests.validators.EmptyAssetSelectorValidatorTest","shouldPass_whenContractDefinitionHasCorrectAssetSelector"
"","5909","transferData_privateBackend_withConsumerDataPlane()","","Tue Aug 26 08:08:40 GMT 2025","passed","Tue Aug 26 08:08:46 GMT 2025","","org.eclipse.tractusx.edc.tests.transfer.TransferPullEndToEndTest.Dsp2025to2025","org.eclipse.tractusx.edc.tests.transfer.TransferPullEndToEndTest$Dsp2025to2025","transferData_privateBackend_withConsumerDataPlane"
"","3031","Contract policy is fulfilled DataExchangeGovernance use case","","Tue Aug 26 08:09:30 GMT 2025","passed","Tue Aug 26 08:09:33 GMT 2025","","org.eclipse.tractusx.edc.tests.transfer.StsConsumerPullTest","org.eclipse.tractusx.edc.tests.transfer.StsConsumerPullTest","transferData_whenContractPolicyFulfilled"
"","44","Policy is accepted ContractTermination","","Tue Aug 26 08:07:19 GMT 2025","passed","Tue Aug 26 08:07:19 GMT 2025","","org.eclipse.tractusx.edc.tests.policy.PolicyDefinitionEndToEndTest","org.eclipse.tractusx.edc.tests.policy.PolicyDefinitionEndToEndTest","shouldAcceptValidPolicyDefinitions"
"","23","Policy is accepted Confidential Information Measures","","Tue Aug 26 08:07:20 GMT 2025","passed","Tue Aug 26 08:07:20 GMT 2025","","org.eclipse.tractusx.edc.tests.policy.PolicyDefinitionEndToEndTest","org.eclipse.tractusx.edc.tests.policy.PolicyDefinitionEndToEndTest","shouldNotAcceptInvalidNamespacePolicyDefinitions"
"","140","triggerDataTransfer_shouldFail_whenDataFlowDoesNotExist()","","Tue Aug 26 08:07:45 GMT 2025","passed","Tue Aug 26 08:07:45 GMT 2025","","org.eclipse.tractusx.edc.tests.transfer.DataFlowApiEndToEndTest","org.eclipse.tractusx.edc.tests.transfer.DataFlowApiEndToEndTest","triggerDataTransfer_shouldFail_whenDataFlowDoesNotExist"
"","78","5.4.3 Verifier should reject Presentations where the holder does not match the credentialSubject.id","","Tue Aug 26 08:07:47 GMT 2025","passed","Tue Aug 26 08:07:47 GMT 2025","","org.eclipse.dataspacetck.dcp.verification.presentation.verifier.PresentationFlowSection5Test","org.eclipse.dataspacetck.dcp.verification.presentation.verifier.PresentationFlowSection5Test","verifier_05_04_03_presentationResponse_holderNotEqualSubjectId"
"","159","Verify the refresh endpoint is not called when token not yet expired","","Tue Aug 26 08:07:57 GMT 2025","passed","Tue Aug 26 08:07:57 GMT 2025","","org.eclipse.tractusx.edc.tests.edrv2.EdrCacheApiEndToEndTest","org.eclipse.tractusx.edc.tests.edrv2.EdrCacheApiEndToEndTest","getEdrWithRefresh_notExpired_shouldNotCallEndpoint"
"","23","Policy is accepted Data Usage End Duration Days","","Tue Aug 26 08:07:20 GMT 2025","passed","Tue Aug 26 08:07:20 GMT 2025","","org.eclipse.tractusx.edc.tests.policy.PolicyDefinitionEndToEndTest","org.eclipse.tractusx.edc.tests.policy.PolicyDefinitionEndToEndTest","shouldNotAcceptInvalidNamespacePolicyDefinitions"
"","1262","Refresh token is null or empty (missing) [1] null","","Tue Aug 26 08:07:01 GMT 2025","passed","Tue Aug 26 08:07:02 GMT 2025","","org.eclipse.tractusx.edc.dataplane.tokenrefresh.e2e.DataPlaneTokenRefreshEndToEndTest","org.eclipse.tractusx.edc.dataplane.tokenrefresh.e2e.DataPlaneTokenRefreshEndToEndTest","refresh_invalidRefreshToken"
"","1258","Refresh token success","","Tue Aug 26 08:07:09 GMT 2025","passed","Tue Aug 26 08:07:10 GMT 2025","","org.eclipse.tractusx.edc.dataplane.tokenrefresh.e2e.DataPlaneTokenRefreshEndToEndTest","org.eclipse.tractusx.edc.dataplane.tokenrefresh.e2e.DataPlaneTokenRefreshEndToEndTest","refresh_success"
"","2043","transferFile_azureToS3(Vault)","","Tue Aug 26 08:08:11 GMT 2025","passed","Tue Aug 26 08:08:13 GMT 2025","","org.eclipse.tractusx.edc.dataplane.transfer.test.MultiCloudTest","org.eclipse.tractusx.edc.dataplane.transfer.test.MultiCloudTest","transferFile_azureToS3"
"","37","Policy is not accepted Usage policy permission with not allowed constraints","","Tue Aug 26 08:07:19 GMT 2025","passed","Tue Aug 26 08:07:19 GMT 2025","","org.eclipse.tractusx.edc.tests.policy.PolicyDefinitionEndToEndTest","org.eclipse.tractusx.edc.tests.policy.PolicyDefinitionEndToEndTest","shouldNotAcceptInvalidPolicyDefinitions"
"","39","5.4.2.1 Verifier should reject a presentation response message that contains a different credential than requested","","Tue Aug 26 08:07:47 GMT 2025","passed","Tue Aug 26 08:07:47 GMT 2025","","org.eclipse.dataspacetck.dcp.verification.presentation.verifier.PresentationFlowSection5Test","org.eclipse.dataspacetck.dcp.verification.presentation.verifier.PresentationFlowSection5Test","verifier_05_04_02_01_presentationResponse_tooFewCredentials"
"","42","Verifier should resolve the DID from the prover's ID token","","Tue Aug 26 08:07:47 GMT 2025","passed","Tue Aug 26 08:07:47 GMT 2025","","org.eclipse.dataspacetck.dcp.verification.presentation.verifier.PresentationFlowSection5Test","org.eclipse.dataspacetck.dcp.verification.presentation.verifier.PresentationFlowSection5Test","presentationResponse_endpointDiscovery"
"","1262","The authentication token misses required claims: audience","","Tue Aug 26 08:07:07 GMT 2025","passed","Tue Aug 26 08:07:09 GMT 2025","","org.eclipse.tractusx.edc.dataplane.tokenrefresh.e2e.DataPlaneTokenRefreshEndToEndTest","org.eclipse.tractusx.edc.dataplane.tokenrefresh.e2e.DataPlaneTokenRefreshEndToEndTest","refresh_invalidAuthenticationToken_missingAudience"
"","39","Policy is accepted Empty Policy","","Tue Aug 26 08:07:19 GMT 2025","passed","Tue Aug 26 08:07:19 GMT 2025","","org.eclipse.tractusx.edc.tests.policy.PolicyDefinitionEndToEndTest","org.eclipse.tractusx.edc.tests.policy.PolicyDefinitionEndToEndTest","shouldAcceptValidPolicyDefinitions"
"","189","Multiple ContractDefinitions exist for one Asset","","Tue Aug 26 08:08:10 GMT 2025","passed","Tue Aug 26 08:08:10 GMT 2025","","org.eclipse.tractusx.edc.tests.catalog.CatalogTest","org.eclipse.tractusx.edc.tests.catalog.CatalogTest","requestCatalog_multipleOffersForAsset"
"","40","Policy is not accepted Access Policy with prohibition rule","","Tue Aug 26 08:07:19 GMT 2025","passed","Tue Aug 26 08:07:19 GMT 2025","","org.eclipse.tractusx.edc.tests.policy.PolicyDefinitionEndToEndTest","org.eclipse.tractusx.edc.tests.policy.PolicyDefinitionEndToEndTest","shouldNotAcceptInvalidPolicyDefinitions"
"","3202","Run TCK Presentation Flow tests","","Tue Aug 26 08:07:44 GMT 2025","passed","Tue Aug 26 08:07:47 GMT 2025","","org.eclipse.tractusx.edc.tests.tck.dcp.DcpPresentationFlowTest","org.eclipse.tractusx.edc.tests.tck.dcp.DcpPresentationFlowTest","runPresentationFlowTests"
"","24614","transferFile_largeFile(long, Vault) File size bytes: 1073741824","","Tue Aug 26 08:07:22 GMT 2025","passed","Tue Aug 26 08:07:47 GMT 2025","","org.eclipse.tractusx.edc.dataplane.transfer.test.AzureToAzureTest","org.eclipse.tractusx.edc.dataplane.transfer.test.AzureToAzureTest","transferFile_largeFile"
"","1261","Refresh token is null or empty (missing) [2] ","","Tue Aug 26 08:07:02 GMT 2025","passed","Tue Aug 26 08:07:04 GMT 2025","","org.eclipse.tractusx.edc.dataplane.tokenrefresh.e2e.DataPlaneTokenRefreshEndToEndTest","org.eclipse.tractusx.edc.dataplane.tokenrefresh.e2e.DataPlaneTokenRefreshEndToEndTest","refresh_invalidRefreshToken"
"","5356","transferData_withSuspendResume()","","Tue Aug 26 08:09:22 GMT 2025","passed","Tue Aug 26 08:09:28 GMT 2025","","org.eclipse.tractusx.edc.tests.transfer.TransferPullEndToEndTest.Dsp2025to2025","org.eclipse.tractusx.edc.tests.transfer.TransferPullEndToEndTest$Dsp2025to2025","transferData_withSuspendResume"
"","8266","transferFile_withBucketCreation_success()","","Tue Aug 26 08:09:29 GMT 2025","passed","Tue Aug 26 08:09:37 GMT 2025","","org.eclipse.tractusx.edc.tests.transfer.S3ToS3EndToEndTest","org.eclipse.tractusx.edc.tests.transfer.S3ToS3EndToEndTest","transferFile_withBucketCreation_success"
"","1260","The sign key of the authentication token is different from the public key from the DID","","Tue Aug 26 08:07:06 GMT 2025","passed","Tue Aug 26 08:07:07 GMT 2025","","org.eclipse.tractusx.edc.dataplane.tokenrefresh.e2e.DataPlaneTokenRefreshEndToEndTest","org.eclipse.tractusx.edc.dataplane.tokenrefresh.e2e.DataPlaneTokenRefreshEndToEndTest","refresh_spoofedAuthToken"
"","4596","The authentication token misses required claims: token","","Tue Aug 26 08:06:53 GMT 2025","passed","Tue Aug 26 08:06:57 GMT 2025","","org.eclipse.tractusx.edc.dataplane.tokenrefresh.e2e.DataPlaneTokenRefreshEndToEndTest","org.eclipse.tractusx.edc.dataplane.tokenrefresh.e2e.DataPlaneTokenRefreshEndToEndTest","refresh_invalidAuthenticationToken_missingAccessToken"
"","1316","The Authorization header is empty","","Tue Aug 26 08:07:00 GMT 2025","passed","Tue Aug 26 08:07:01 GMT 2025","","org.eclipse.tractusx.edc.dataplane.tokenrefresh.e2e.DataPlaneTokenRefreshEndToEndTest","org.eclipse.tractusx.edc.dataplane.tokenrefresh.e2e.DataPlaneTokenRefreshEndToEndTest","refresh_emptyAuthHeader"
"","32","Policy is not accepted Usage policy obligation with not allowed constraints","","Tue Aug 26 08:07:19 GMT 2025","passed","Tue Aug 26 08:07:19 GMT 2025","","org.eclipse.tractusx.edc.tests.policy.PolicyDefinitionEndToEndTest","org.eclipse.tractusx.edc.tests.policy.PolicyDefinitionEndToEndTest","shouldNotAcceptInvalidPolicyDefinitions"
"","34","Policy is not accepted Usage policy prohibition with not allowed constraints","","Tue Aug 26 08:07:19 GMT 2025","passed","Tue Aug 26 08:07:19 GMT 2025","","org.eclipse.tractusx.edc.tests.policy.PolicyDefinitionEndToEndTest","org.eclipse.tractusx.edc.tests.policy.PolicyDefinitionEndToEndTest","shouldNotAcceptInvalidPolicyDefinitions"
"","2168","transferFile_success()","","Tue Aug 26 08:08:22 GMT 2025","passed","Tue Aug 26 08:08:24 GMT 2025","","org.eclipse.tractusx.edc.dataplane.transfer.test.S3ToS3Test","org.eclipse.tractusx.edc.dataplane.transfer.test.S3ToS3Test","transferFile_success"
"","30","Policy is accepted Usage Purpose","","Tue Aug 26 08:07:20 GMT 2025","passed","Tue Aug 26 08:07:20 GMT 2025","","org.eclipse.tractusx.edc.tests.policy.PolicyDefinitionEndToEndTest","org.eclipse.tractusx.edc.tests.policy.PolicyDefinitionEndToEndTest","shouldNotAcceptInvalidNamespacePolicyDefinitions"
"","25","Policy is accepted Jurisdiction Location Reference","","Tue Aug 26 08:07:20 GMT 2025","passed","Tue Aug 26 08:07:20 GMT 2025","","org.eclipse.tractusx.edc.tests.policy.PolicyDefinitionEndToEndTest","org.eclipse.tractusx.edc.tests.policy.PolicyDefinitionEndToEndTest","shouldNotAcceptInvalidNamespacePolicyDefinitions"
"","2694","transferFile_azureToS3MultipleFiles(Vault)","","Tue Aug 26 08:08:04 GMT 2025","passed","Tue Aug 26 08:08:07 GMT 2025","","org.eclipse.tractusx.edc.dataplane.transfer.test.MultiCloudTest","org.eclipse.tractusx.edc.dataplane.transfer.test.MultiCloudTest","transferFile_azureToS3MultipleFiles"
"","55","Policy is accepted Jurisdiction Location","","Tue Aug 26 08:07:18 GMT 2025","passed","Tue Aug 26 08:07:18 GMT 2025","","org.eclipse.tractusx.edc.tests.policy.PolicyDefinitionEndToEndTest","org.eclipse.tractusx.edc.tests.policy.PolicyDefinitionEndToEndTest","shouldAcceptValidPolicyDefinitions"
"","45","Policy is accepted Contract reference","","Tue Aug 26 08:07:19 GMT 2025","passed","Tue Aug 26 08:07:19 GMT 2025","","org.eclipse.tractusx.edc.tests.policy.PolicyDefinitionEndToEndTest","org.eclipse.tractusx.edc.tests.policy.PolicyDefinitionEndToEndTest","shouldAcceptValidPolicyDefinitions"
"","71","Policy is accepted Precedence","","Tue Aug 26 08:07:18 GMT 2025","passed","Tue Aug 26 08:07:18 GMT 2025","","org.eclipse.tractusx.edc.tests.policy.PolicyDefinitionEndToEndTest","org.eclipse.tractusx.edc.tests.policy.PolicyDefinitionEndToEndTest","shouldAcceptValidPolicyDefinitions"
"","440","retireAgreement_shouldFail_whenAgreementDoesNotExist()","","Tue Aug 26 08:08:06 GMT 2025","passed","Tue Aug 26 08:08:06 GMT 2025","","org.eclipse.tractusx.edc.tests.transfer.RetireAgreementTest","org.eclipse.tractusx.edc.tests.transfer.RetireAgreementTest","retireAgreement_shouldFail_whenAgreementDoesNotExist"
"","260","Verify that the consumer receives only the offers he is permitted to (using the new BPN validation)","","Tue Aug 26 08:08:09 GMT 2025","passed","Tue Aug 26 08:08:10 GMT 2025","","org.eclipse.tractusx.edc.tests.catalog.CatalogTest","org.eclipse.tractusx.edc.tests.catalog.CatalogTest","requestCatalog_filteredByBpn_shouldReject"
"","23","Policy is accepted Precedence","","Tue Aug 26 08:07:20 GMT 2025","passed","Tue Aug 26 08:07:20 GMT 2025","","org.eclipse.tractusx.edc.tests.policy.PolicyDefinitionEndToEndTest","org.eclipse.tractusx.edc.tests.policy.PolicyDefinitionEndToEndTest","shouldNotAcceptInvalidNamespacePolicyDefinitions"
"","86","5.1 Verifier should accept a valid PresentationResponseMessage","","Tue Aug 26 08:07:47 GMT 2025","passed","Tue Aug 26 08:07:47 GMT 2025","","org.eclipse.dataspacetck.dcp.verification.presentation.verifier.PresentationFlowSection5Test","org.eclipse.dataspacetck.dcp.verification.presentation.verifier.PresentationFlowSection5Test","verifier_05_01_presentationResponse_success"
"","35","Policy is accepted Warranty Definition","","Tue Aug 26 08:07:20 GMT 2025","passed","Tue Aug 26 08:07:20 GMT 2025","","org.eclipse.tractusx.edc.tests.policy.PolicyDefinitionEndToEndTest","org.eclipse.tractusx.edc.tests.policy.PolicyDefinitionEndToEndTest","shouldNotAcceptInvalidNamespacePolicyDefinitions"
"","80","Policy is accepted DataExchangeGovernance use case","","Tue Aug 26 08:07:17 GMT 2025","passed","Tue Aug 26 08:07:17 GMT 2025","","org.eclipse.tractusx.edc.tests.policy.PolicyDefinitionEndToEndTest","org.eclipse.tractusx.edc.tests.policy.PolicyDefinitionEndToEndTest","shouldAcceptValidPolicyDefinitions"
"","52","Policy is accepted Access policy with empty permission","","Tue Aug 26 08:07:19 GMT 2025","passed","Tue Aug 26 08:07:19 GMT 2025","","org.eclipse.tractusx.edc.tests.policy.PolicyDefinitionEndToEndTest","org.eclipse.tractusx.edc.tests.policy.PolicyDefinitionEndToEndTest","shouldAcceptValidPolicyDefinitions"
"","6091","azureBlobPush_withDestFolder()","","Tue Aug 26 08:08:23 GMT 2025","passed","Tue Aug 26 08:08:29 GMT 2025","","org.eclipse.tractusx.edc.tests.transfer.AzureToAzureEndToEndTest","org.eclipse.tractusx.edc.tests.transfer.AzureToAzureEndToEndTest","azureBlobPush_withDestFolder"
"","1541","trigger_shouldReturnSuccess_whenAllValidationsSucceed()","","Tue Aug 26 08:07:42 GMT 2025","passed","Tue Aug 26 08:07:44 GMT 2025","","org.eclipse.tractusx.edc.tests.transfer.DataFlowApiEndToEndTest","org.eclipse.tractusx.edc.tests.transfer.DataFlowApiEndToEndTest","trigger_shouldReturnSuccess_whenAllValidationsSucceed"
"","6330","transferData_privateBackend()","","Tue Aug 26 08:08:34 GMT 2025","passed","Tue Aug 26 08:08:40 GMT 2025","","org.eclipse.tractusx.edc.tests.transfer.TransferPullEndToEndTest.Dsp2025to2025","org.eclipse.tractusx.edc.tests.transfer.TransferPullEndToEndTest$Dsp2025to2025","transferData_privateBackend"
"","7209","azureBlobPush_containerNotExist()","","Tue Aug 26 08:08:29 GMT 2025","passed","Tue Aug 26 08:08:36 GMT 2025","","org.eclipse.tractusx.edc.tests.transfer.AzureToAzureEndToEndTest","org.eclipse.tractusx.edc.tests.transfer.AzureToAzureEndToEndTest","azureBlobPush_containerNotExist"
"","83","5.4.2.4 Verifier should reject an a presentation where a requested credential is missing","","Tue Aug 26 08:07:46 GMT 2025","passed","Tue Aug 26 08:07:46 GMT 2025","","org.eclipse.dataspacetck.dcp.verification.presentation.verifier.PresentationFlowSection5Test","org.eclipse.dataspacetck.dcp.verification.presentation.verifier.PresentationFlowSection5Test","verifier_05_04_02_04_presentationResponse_emptyCredentials"
"","353","Expect the Catalog request to fail if a credential is revoked","","Tue Aug 26 08:08:40 GMT 2025","passed","Tue Aug 26 08:08:41 GMT 2025","","org.eclipse.tractusx.edc.tests.transfer.DimConsumerPullTest","org.eclipse.tractusx.edc.tests.transfer.DimConsumerPullTest","catalogRequest_whenCredentialRevoked"
